Workbook

Sheet nucleic_acid
B1: ID_NucleicAcid | C1: Platewell | D1: ng | E1: microL | F1: ID_Sample | G1: Project | H1: Species | I1: StorageBeforeExtraction | J1: SampleFrom | K1: RnaExtractedFrom | L1: ExtractionMethod | M1: SupplementaryInfo1 | N1: SupplementaryInfo2 | O1: SupplementaryInfo3
A2: 1 | B2: PMLM_882 | C2: A1 | D2: 35.52 | E2: 16 | F2: 18AG00322-05_L1 | G2: PDAC_MetaboLiverMet | H2: Homo_sapiens | I2: ffpe | J2: surgical_specimen | K2: millisect_microdissection | L2: Quick-RNA-FFPE_ZYMO
A3: 2 | B3: CCK0125_L1-001 | C3: B1 | D3: 35.36 | E3: 16 | F3: 21AG08183-21_L1 | G3: CCKPan | H3: Homo_sapiens | I3: ffpe | J3: surgical_specimen | K3: millisect_microdissection | L3: Quick-RNA-FFPE_ZYMO
A4: 3 | B4: 1CCK0425_L1_034 | C4: C1 | D4: 33.92 | E4: 16 | F4: 15AG00349-18_L1 | G4: CCKPan | H4: Homo_sapiens | I4: ffpe | J4: surgical_specimen | K4: millisect_microdissection | L4: Quick-RNA-FFPE_ZYMO
A5: 4 | B5: _PMLM_008 | C5: D1 | D5: 33.92 | E5: 16 | F5: 23AG01921-02_L1 | G5: PDAC_MetaboLiverMet | H5: Homo_sapiens | I5: ffpe | J5: biopsy | K5: millisect_microdissection | L5: Quick-RNA-FFPE_ZYMO
A6: 5 | B6: CCK0125_L1_012 | C6: E1 | D6: 32.8 | E6: 16 | F6: 17AG04040-13_L1 | G6: CCKPan | H6: Homo_sapiens | I6: ffpe | J6: surgical_specimen | K6: millisect_microdissection | L6: Quick-RNA-FFPE_ZYMO
A7: 6 | B7: CCK0125_L2_005 | C7: F1 | D7: 32.64 | E7: 16 | F7: 22AG02595-26_L2 | G7: CCKPan | H7: Homo_sapiens | I7: ffpe | J7: surgical_specimen | K7: millisect_microdissection | L7: Quick-RNA-FFPE_ZYMO
A8: 7 | B8: CCK0425_L2_040 | C8: G1 | D8: 31.36 | E8: 16 | F8: 16AG10231-26_L2 | G8: CCKPan | H8: Homo_sapiens | I8: ffpe | J8: surgical_specimen | K8: millisect_microdissection | L8: Quick-RNA-FFPE_ZYMO
A9: 8 | B9: CCK0125_L1_003 | C9: H1 | D9: 30.72 | E9: 16 | F9: 21AG10591-49_L1 | G9: CCKPan | H9: Homo_sapiens | I9: ffpe | J9: surgical_specimen | K9: millisect_microdissection | L9: Quick-RNA-FFPE_ZYMO
A10: 9 | B10: CCK0325_L1_023 | C10: A2 | D10: 30.08 | E10: 16 | F10: 20AG06681-33_L1 | G10: CCKPan | H10: Homo_sapiens | I10: ffpe | J10: surgical_specimen | K10: millisect_microdissection | L10: Quick-RNA-FFPE_ZYMO
A11: 10 | B11: PMLM_102 | C11: B2 | D11: 29.92 | E11: 16 | F11: 20AG04095-01_L1 | G11: PDAC_MetaboLiverMet | H11: Homo_sapiens | I11: ffpe | J11: biopsy | K11: millisect_microdissection | L11: Quick-RNA-FFPE_ZYMO
A12: 11 | B12: CCK0125_L1_003 | C12: C2 | D12: 30.72 | E12: 16 | F12: 21AG10591-49_L1 | G12: CCKPan | H12: Homo_sapiens | I12: ffpe | J12: surgical_specimen | K12: millisect_microdissection | L12: Quick-RNA-FFPE_ZYMO
A13: 12 | B13: CCK0125_L1_003 | C13: D2 | D13: 30.72 | E13: 16 | F13: 21AG10591-49_L1 | G13: CCKPew | H13: Homo_sapiens | I13: ffpe | J13: surgical_specimen | K13: millisect_microdissection | L13: Quick-RNA-FFPE_ZYMO

Sheet plateplan
B1: 1 | C1: 2 | D1: 3 | E1: 4 | F1: 5 | G1: 6 | H1: 7 | I1: 8 | J1: 9 | K1: 10 | L1: 11
A2: A | B2: =nucleic_acid!B2 -> PMLM_882 | C2: =nucleic_acid!B10 -> CCK0325_L1_023 | D2: =nucleic_acid!B18 -> 0 | E2: =nucleic_acid!B26 -> 0 | F2: =nucleic_acid!B34 -> 0 | G2: =nucleic_acid!B42 -> 0 | H2: =nucleic_acid!B50 -> 0 | I2: =nucleic_acid!B58 -> 0 | J2: =nucleic_acid!B66 -> 0 | K2: =nucleic_acid!B74 -> 0 | L2: =nucleic_acid!B82 -> 0
A3: B | B3: =nucleic_acid!B3 -> CCK0125_L1-001 | C3: =nucleic_acid!B11 -> PMLM_102 | D3: =nucleic_acid!B19 -> 0 | E3: =nucleic_acid!B27 -> 0 | F3: =nucleic_acid!B35 -> 0 | G3: =nucleic_acid!B43 -> 0 | H3: =nucleic_acid!B51 -> 0 | I3: =nucleic_acid!B59 -> 0 | J3: =nucleic_acid!B67 -> 0 | K3: =nucleic_acid!B75 -> 0 | L3: =nucleic_acid!B83 -> 0
A4: C | B4: =nucleic_acid!B4 -> 1CCK0425_L1_034 | C4: =nucleic_acid!B12 -> CCK0125_L1_003 | D4: =nucleic_acid!B20 -> 0 | E4: =nucleic_acid!B28 -> 0 | F4: =nucleic_acid!B36 -> 0 | G4: =nucleic_acid!B44 -> 0 | H4: =nucleic_acid!B52 -> 0 | I4: =nucleic_acid!B60 -> 0 | J4: =nucleic_acid!B68 -> 0 | K4: =nucleic_acid!B76 -> 0 | L4: =nucleic_acid!B84 -> 0
A5: D | B5: =nucleic_acid!B5 -> _PMLM_008 | C5: =nucleic_acid!B13 -> CCK0125_L1_003 | D5: =nucleic_acid!B21 -> 0 | E5: =nucleic_acid!B29 -> 0 | F5: =nucleic_acid!B37 -> 0 | G5: =nucleic_acid!B45 -> 0 | H5: =nucleic_acid!B53 -> 0 | I5: =nucleic_acid!B61 -> 0 | J5: =nucleic_acid!B69 -> 0 | K5: =nucleic_acid!B77 -> 0 | L5: =nucleic_acid!B85 -> 0
A6: E | B6: =nucleic_acid!B6 -> CCK0125_L1_012 | C6: =nucleic_acid!B14 -> 0 | D6: =nucleic_acid!B22 -> 0 | E6: =nucleic_acid!B30 -> 0 | F6: =nucleic_acid!B38 -> 0 | G6: =nucleic_acid!B46 -> 0 | H6: =nucleic_acid!B54 -> 0 | I6: =nucleic_acid!B62 -> 0 | J6: =nucleic_acid!B70 -> 0 | K6: =nucleic_acid!B78 -> 0 | L6: =nucleic_acid!B86 -> 0
A7: F | B7: =nucleic_acid!B7 -> CCK0125_L2_005 | C7: =nucleic_acid!B15 -> 0 | D7: =nucleic_acid!B23 -> 0 | E7: =nucleic_acid!B31 -> 0 | F7: =nucleic_acid!B39 -> 0 | G7: =nucleic_acid!B47 -> 0 | H7: =nucleic_acid!B55 -> 0 | I7: =nucleic_acid!B63 -> 0 | J7: =nucleic_acid!B71 -> 0 | K7: =nucleic_acid!B79 -> 0 | L7: =nucleic_acid!B87 -> 0
A8: G | B8: =nucleic_acid!B8 -> CCK0425_L2_040 | C8: =nucleic_acid!B16 -> 0 | D8: =nucleic_acid!B24 -> 0 | E8: =nucleic_acid!B32 -> 0 | F8: =nucleic_acid!B40 -> 0 | G8: =nucleic_acid!B48 -> 0 | H8: =nucleic_acid!B56 -> 0 | I8: =nucleic_acid!B64 -> 0 | J8: =nucleic_acid!B72 -> 0 | K8: =nucleic_acid!B80 -> 0 | L8: =nucleic_acid!B88 -> 0
A9: H | B9: =nucleic_acid!B9 -> CCK0125_L1_003 | C9: =nucleic_acid!B17 -> 0 | D9: =nucleic_acid!B25 -> 0 | E9: =nucleic_acid!B33 -> 0 | F9: =nucleic_acid!B41 -> 0 | G9: =nucleic_acid!B49 -> 0 | H9: =nucleic_acid!B57 -> 0 | I9: =nucleic_acid!B65 -> 0 | J9: =nucleic_acid!B73 -> 0 | K9: =nucleic_acid!B81 -> 0 | L9: =nucleic_acid!B89 -> 0
A11: ID_PLATE | B11: P1025-04
A12: DATE | B12: 45952
A13: NAME_TECH | B13: Lucy
A15: QuoteICM | B15: PFGS_2025_0935
A16: LibraryKit | B16: smarter
A17: Seq | B17: Novaseq X
